generation,current_best_fitness,global_best_fitness,population_mean_fitness,population_median_fitness,population_std_fitness,current_best_expected_power_kw,global_best_expected_power_kw,population_mean_expected_power_kw,current_best_worst_noise_dba,global_best_worst_noise_dba,population_mean_worst_noise_dba,current_best_spacing_penalty,current_best_noise_penalty,current_best_border_penalty,population_mean_spacing_penalty,population_mean_noise_penalty,population_mean_border_penalty,zero_total_penalty_fraction
1,19088.693285518075,19088.693285518075,-9626.293992301908,15281.808201865275,42036.63111539488,19577.073552756105,19577.073552756105,18439.59486409399,36.23819352519832,36.23819352519832,39.66777304710645,0.0,488.38026723803074,0.0,26046.65447784209,2019.2343785538087,0.0,0.0
2,19088.693285518075,19088.693285518075,1641.5603748209073,16251.86574641877,29983.177123795715,19577.073552756105,19577.073552756105,18880.355595642763,36.23819352519832,36.23819352519832,39.70533864783435,0.0,488.38026723803074,0.0,15191.354159392935,2047.441061428922,0.0,0.0
3,19088.693285518075,19088.693285518075,-279.5379311451971,16136.868778796512,29083.000783085183,19577.073552756105,19577.073552756105,18648.578152506958,36.23819352519832,36.23819352519832,39.18722248912749,0.0,488.38026723803074,0.0,17171.108333570042,1757.0077500821094,0.0,0.0
4,19088.693285518075,19088.693285518075,-890.6356014269837,16010.009709704604,29001.407330542053,19577.073552756105,19577.073552756105,18670.66194805485,36.23819352519832,36.23819352519832,39.00855887142704,0.0,488.38026723803074,0.0,17906.134868820107,1655.162680661731,0.0,0.0
5,19088.693285518075,19088.693285518075,813.9954418091393,16176.875126743565,26983.222260121427,19577.073552756105,19577.073552756105,18579.352840661515,36.23819352519832,36.23819352519832,39.04750751686969,0.0,488.38026723803074,0.0,16086.159706915265,1679.1976919371116,0.0,0.0
6,19141.358037337493,19141.358037337493,587.58425964826,16632.997005520003,33284.72150493637,19634.264455406537,19634.264455406537,18860.373645958825,36.46622085835746,36.46622085835746,38.7128500725105,0.0,492.9064180690443,0.0,16707.031695742895,1565.7576905676697,0.0,0.0
7,19313.876007333718,19313.876007333718,-700.9746910344224,16870.41973861977,34779.73784431351,19792.40588214787,19792.40588214787,18614.36051888504,36.20009402914925,36.20009402914925,38.68678264037544,0.0,478.5298748141507,0.0,17778.47224324048,1536.862966678987,0.0,0.0
8,19317.0110342996,19317.0110342996,-1092.5823814568037,16433.05911633271,27380.765059156405,19803.818762866624,19803.818762866624,18746.90855242394,36.458198460179695,36.458198460179695,38.467730939147785,0.0,486.80772856702214,0.0,18408.009133127725,1431.4818007530228,0.0,0.0
9,19317.0110342996,19317.0110342996,-2902.9128582677736,16744.072810964128,32560.94237361122,19803.818762866624,19803.818762866624,18673.13577876993,36.458198460179695,36.458198460179695,38.40510842088651,0.0,486.80772856702214,0.0,20191.737928606948,1384.310708430757,0.0,0.0
10,19317.0110342996,19317.0110342996,4677.232816311428,16820.88019769913,22191.502645169832,19803.818762866624,19803.818762866624,18838.92609807019,36.458198460179695,36.458198460179695,38.33625726941073,0.0,486.80772856702214,0.0,12790.393877571629,1371.2994041871314,0.0,0.0
11,19317.0110342996,19317.0110342996,1798.1680611856757,16471.333975136567,29008.134418918646,19803.818762866624,19803.818762866624,18605.285443631976,36.458198460179695,36.458198460179695,38.49437318532416,0.0,486.80772856702214,0.0,15389.30364740883,1417.8137350374702,0.0,0.0
12,19317.0110342996,19317.0110342996,1838.0999192996096,16629.584463145,28842.822604211917,19803.818762866624,19803.818762866624,18849.818277928975,36.458198460179695,36.458198460179695,38.444844886631444,0.0,486.80772856702214,0.0,15586.050694602085,1425.6676640272824,0.0,0.0
13,19347.44580144094,19347.44580144094,1311.4940534680106,16748.689864474964,26404.34690338213,19807.761417217836,19807.761417217836,18979.614364302288,36.146734291744465,36.146734291744465,38.44104645415335,0.0,460.3156157768987,0.0,16253.41868512794,1414.7016257063408,0.0,0.0
14,19347.44580144094,19347.44580144094,2403.800650659236,16622.360317212682,27877.78209634726,19807.761417217836,19807.761417217836,18858.347843990952,36.146734291744465,36.146734291744465,38.64184255677091,0.0,460.3156157768987,0.0,14976.718199038623,1477.828994293088,0.0,0.0
15,19347.44580144094,19347.44580144094,-212.2872012813502,16825.88082010154,36845.949060634666,19807.761417217836,19807.761417217836,19114.573482514385,36.146734291744465,36.146734291744465,38.65744653972856,0.0,460.3156157768987,0.0,17859.66102958638,1467.1996542093557,0.0,0.0
16,19347.44580144094,19347.44580144094,781.5508608244154,17319.516243319376,29028.655016199515,19807.761417217836,19807.761417217836,18921.434121493174,36.146734291744465,36.146734291744465,38.42251412170255,0.0,460.3156157768987,0.0,16806.734109484285,1333.1491511844738,0.0,0.0
17,19347.44580144094,19347.44580144094,2667.628751448259,17076.028110978084,26813.057300590433,19807.761417217836,19807.761417217836,19072.864584481522,36.146734291744465,36.146734291744465,38.30508106332451,0.0,460.3156157768987,0.0,15131.214262679288,1274.0215703539811,0.0,0.0
18,19347.44580144094,19347.44580144094,-1035.4270308222203,16565.04411654488,33990.99839154409,19807.761417217836,19807.761417217836,18741.790625224075,36.146734291744465,36.146734291744465,38.5024768433688,0.0,460.3156157768987,0.0,18428.00966097759,1349.2079950686998,0.0,0.0
19,19347.44580144094,19347.44580144094,2373.709242448049,17094.275143256265,28932.37069799127,19807.761417217836,19807.761417217836,19066.925327217017,36.146734291744465,36.146734291744465,38.411405126301695,0.0,460.3156157768987,0.0,15343.509086620268,1349.7069981486964,0.0,0.0
20,19347.445821548616,19347.445821548616,4740.079999047006,17559.98529166894,33773.358269916505,19807.761437325513,19807.761437325513,19200.69313151071,36.146734291744465,36.146734291744465,37.982544209901775,0.0,460.3156157768987,0.0,13285.268139543577,1175.3449929201265,0.0,0.0
21,19347.445821548616,19347.445821548616,5297.121006726045,17160.78273368982,23586.501249655008,19807.761437325513,19807.761437325513,18996.18919231762,36.146734291744465,36.146734291744465,38.02384742095071,0.0,460.3156157768987,0.0,12534.62503838885,1164.4431472027284,0.0,0.0
22,19347.445821548616,19347.445821548616,1651.7988138803967,17800.061701933184,32308.902068552085,19807.761437325513,19807.761437325513,19228.265796762036,36.146734291744465,36.146734291744465,38.149680865073265,0.0,460.3156157768987,0.0,16378.910047212883,1197.556935668757,0.0,0.0
23,19347.445821548616,19347.445821548616,7434.321422132048,17981.372685882354,21157.41624527784,19807.761437325513,19807.761437325513,19229.687036129493,36.146734291744465,36.146734291744465,38.05157367057793,0.0,460.3156157768987,0.0,10623.476346472262,1171.8892675251875,0.0,0.0
24,19347.44599493776,19347.44599493776,3127.604559773592,17808.709223357997,33403.98582335095,19807.761610714657,19807.761610714657,19210.10407955767,36.146734291744465,36.146734291744465,37.84919673822475,0.0,460.3156157768987,0.0,14963.66260529881,1118.8369144852688,0.0,0.0
25,19347.44599493776,19347.44599493776,11999.438104740908,18051.62144380766,15832.65055975377,19807.761610714657,19807.761610714657,19415.390218108787,36.146734291744465,36.146734291744465,37.9931128396152,0.0,460.3156157768987,0.0,6235.592199577992,1180.3599137898846,0.0,0.0
26,19347.44599493776,19347.44599493776,1431.8786717739658,17932.70004494432,35810.30935404851,19807.761610714657,19807.761610714657,19040.297605584325,36.146734291744465,36.146734291744465,38.066334236706744,0.0,460.3156157768987,0.0,16406.364235373247,1202.0546984371133,0.0,0.0
27,19347.446020946416,19347.446020946416,8969.582968037617,18044.39563524094,21125.371635448344,19807.761636723313,19807.761636723313,19147.565254550722,36.146734291744465,36.146734291744465,37.75540956199799,0.0,460.3156157768987,0.0,9094.327416878263,1083.6548696348402,0.0,0.0
28,19347.446020946416,19347.446020946416,9237.180305477299,18183.20392693715,20488.038051579402,19807.761636723313,19807.761636723313,19259.891013711647,36.146734291744465,36.146734291744465,37.8826833316433,0.0,460.3156157768987,0.0,8883.852720021385,1138.8579882129623,0.0,0.0
29,19347.79840913247,19347.79840913247,6568.102553130568,16991.969397882734,22662.880742879268,19807.760213333415,19807.760213333415,19410.778548805687,36.146734291744465,36.146734291744465,37.98299524893892,0.0,459.96180420094595,0.0,11630.510404920853,1212.165590754268,0.0,0.0
30,19348.791629435822,19348.791629435822,5816.217786488614,17163.331300923943,24382.891608576967,19807.760102059,19807.760102059,19018.104455255136,36.146734291744465,36.146734291744465,38.17153831467913,0.0,458.9684726231779,0.0,11895.774239080883,1306.1124296856437,0.0,0.0
31,19350.385885287822,19350.385885287822,7185.321332244946,18350.450965468855,28078.541103511943,19807.760342730602,19807.760342730602,19240.19374367822,36.146734291744465,36.146734291744465,37.94639537526074,0.0,457.3744574427812,0.0,10857.709949977194,1197.1624614560853,0.0,0.0
32,19350.679965058916,19350.679965058916,8680.728260275126,18818.142828186363,24567.52504838422,19807.589394512914,19807.589394512914,19256.759419823546,36.146734291744465,36.146734291744465,37.64396338765141,0.0,456.9094294539977,0.0,9520.29042023495,1055.740739313471,0.0,0.0
33,19351.202802523017,19351.202802523017,5067.968220738617,19145.119443938456,49178.82107478605,19807.758420401064,19807.758420401064,19140.303935187538,36.146734291744465,36.146734291744465,37.501011196301135,0.0,456.5556178780449,0.0,13071.924839210835,1000.4108752380868,0.0,0.0
34,19351.202802523017,19351.202802523017,10313.007425299818,18272.565048002165,21269.694815876457,19807.758420401064,19807.758420401064,19453.842248293466,36.146734291744465,36.146734291744465,37.91198168524499,0.0,456.5556178780449,0.0,7939.251450754616,1201.5833722390294,0.0,0.0
35,19355.09300745509,19355.09300745509,9800.586126569922,18478.067921715356,22251.337373536502,19807.438575974564,19807.438575974564,19228.827791463173,36.14574156873693,36.14574156873693,37.67489534578725,0.0,452.34556851947536,0.0,8362.013051254798,1066.2286136384525,0.0,0.0
36,19360.438943694255,19360.438943694255,7010.097725495204,18481.080588794513,26673.4993024897,19807.749186489862,19807.749186489862,19251.844969545025,36.40463012166392,36.40463012166392,37.709350853870525,0.0,447.31024279560637,0.0,11118.037209226764,1123.710034823056,0.0,0.0
37,19360.438943694255,19360.438943694255,9651.884699536315,18835.344895095877,23281.01539539163,19807.749186489862,19807.749186489862,19278.503169598353,36.40463012166392,36.40463012166392,37.40758892371944,0.0,447.31024279560637,0.0,8663.620760425136,962.9977096369018,0.0,0.0
38,19360.438943694255,19360.438943694255,11724.262495547515,18761.821402868074,23370.84048425678,19807.749186489862,19807.749186489862,19299.618895567786,36.40463012166392,36.40463012166392,37.69930721704995,0.0,447.31024279560637,0.0,6475.819000835287,1099.5373991849879,0.0,0.0
39,19375.429369140602,19375.429369140602,9913.360912798691,18811.671738119032,25291.895405087296,19807.711184212032,19807.711184212032,19218.187011064285,36.1430501351566,36.1430501351566,37.74140154164748,0.0,432.28181507142847,0.0,8195.15092318869,1109.6751750769054,0.0,0.0
40,19375.429369140602,19375.429369140602,11765.26975231235,18787.56912300933,17833.250142345627,19807.711184212032,19807.711184212032,19371.641624527216,36.1430501351566,36.1430501351566,37.47616975484986,0.0,432.28181507142847,0.0,6612.091171428545,994.2807007863229,0.0,0.0
41,19375.429369140602,19375.429369140602,11258.281692551289,18862.736122697424,20384.51794786453,19807.711184212032,19807.711184212032,19370.638657872223,36.1430501351566,36.1430501351566,37.58930402147591,0.0,432.28181507142847,0.0,7070.240350683984,1042.116614636956,0.0,0.0
42,19375.429369140602,19375.429369140602,7514.246192217804,18697.46385611474,26847.224545037414,19807.711184212032,19807.711184212032,19271.977773559924,36.1430501351566,36.1430501351566,37.79071267412282,0.0,432.28181507142847,0.0,10628.65308288337,1129.0784984587478,0.0,0.0
43,19378.886026456727,19378.886026456727,9757.766271624094,18754.571662259623,20374.71632563231,19807.61365668812,19807.61365668812,19368.350907192544,36.10770356827567,36.10770356827567,37.732222926894536,0.0,428.7276302313958,0.0,8496.096399998896,1114.4882355695545,0.0,0.0
44,19379.01263786749,19379.01263786749,9207.22952908756,18507.395916360638,25020.552526300027,19807.740268098885,19807.740268098885,19205.096924022153,36.10770356827567,36.10770356827567,37.71724678176537,0.0,428.7276302313958,0.0,8915.100075484534,1082.7673194500533,0.0,0.0
45,19380.222565642307,19380.222565642307,10029.438252872676,18734.734571324432,19051.2758707171,19807.52860769416,19807.52860769416,19311.860483609067,36.10533543061429,36.10533543061429,37.56254814813213,0.0,427.30604205185386,0.0,8239.030318778321,1043.3919119580712,0.0,0.0
46,19380.222565642307,19380.222565642307,9308.387280477235,18673.241098943174,21727.871692179924,19807.52860769416,19807.52860769416,19357.334734859367,36.10533543061429,36.10533543061429,37.7193747776372,0.0,427.30604205185386,0.0,8931.126467009826,1117.8209873723065,0.0,0.0
47,19380.222565642307,19380.222565642307,12912.329558246558,18614.867955756134,14124.735008260652,19807.52860769416,19807.52860769416,19423.81308601992,36.10533543061429,36.10533543061429,37.86820154380445,0.0,427.30604205185386,0.0,5326.644745758656,1184.838782014703,0.0,0.0
48,19382.63637760615,19382.63637760615,10548.864153638873,18222.7955463073,22754.34558303325,19807.692599778507,19807.692599778507,19150.75236198918,36.095481540544796,36.095481540544796,37.63768112333632,0.0,425.05622217235646,0.0,7535.373790414583,1066.5144179357246,0.0,0.0
49,19382.63637760615,19382.63637760615,8335.55217781441,18694.956646635925,31133.153906027597,19807.692599778507,19807.692599778507,19093.558244430016,36.095481540544796,36.095481540544796,37.62925898612474,0.0,425.05622217235646,0.0,9706.708641773219,1051.2974248423895,0.0,0.0
50,19382.63640134693,19382.63640134693,10166.042570081607,18924.771089112717,22185.399128585042,19807.692623519284,19807.692623519284,19298.671586669305,36.095481540544796,36.095481540544796,37.65568930269677,0.0,425.05622217235646,0.0,8032.674286580882,1099.9547300068193,0.0,0.0
